acc,layer1,layer2,layer3,regular,momentum,learningrate,"""epoch",batch,valid,verbose
0.36800000071525574,128,128,128,0.1,0.8,0.1,100,32,0.1,0
0.38600000739097595,128,128,128,0.1,0.9,0.1,250,32,0.1,0
0.3919999897480011,128,128,128,0.1,0.9,0.1,250,32,0.1,1
0.4020000100135803,128,128,128,0.1,0.9,0.1,250,64,0.1,0
0.37599998712539673,128,128,128,0.1,0.8,0.1,200,32,0.2,0
0.3840000033378601,128,128,128,0.1,0.8,0.1,1000,128,0.1,1
